{
  "tag_metrics": {
    "button": {
      "total_ground_truth_boxes": 98,
      "total_predicted_boxes": 132,
      "correctly_predicted_boxes": 75,
      "precision": 0.5681818181818182,
      "recall": 0.7653061224489796,
      "f1_score": 0.6521739130434783,
      "files_with_tag": 77
    },
    "input": {
      "total_ground_truth_boxes": 114,
      "total_predicted_boxes": 145,
      "correctly_predicted_boxes": 79,
      "precision": 0.5448275862068965,
      "recall": 0.6929824561403509,
      "f1_score": 0.61003861003861,
      "files_with_tag": 85
    },
    "radio": {
      "total_ground_truth_boxes": 110,
      "total_predicted_boxes": 140,
      "correctly_predicted_boxes": 87,
      "precision": 0.6214285714285714,
      "recall": 0.7909090909090909,
      "f1_score": 0.696,
      "files_with_tag": 84
    },
    "dropdown": {
      "total_ground_truth_boxes": 117,
      "total_predicted_boxes": 147,
      "correctly_predicted_boxes": 93,
      "precision": 0.6326530612244898,
      "recall": 0.7948717948717948,
      "f1_score": 0.7045454545454547,
      "files_with_tag": 85
    }
  },
  "evaluation_params": {
    "iou_threshold": 0.5,
    "files_processed": 100,
    "total_files_found": 100
  }
}