{
  "tag_metrics": {
    "button": {
      "total_ground_truth_boxes": 278,
      "total_predicted_boxes": 248,
      "correctly_predicted_boxes": 184,
      "precision": 0.7419354838709677,
      "recall": 0.6618705035971223,
      "f1_score": 0.6996197718631179,
      "files_with_tag": 158
    },
    "input": {
      "total_ground_truth_boxes": 258,
      "total_predicted_boxes": 272,
      "correctly_predicted_boxes": 168,
      "precision": 0.6176470588235294,
      "recall": 0.6511627906976745,
      "f1_score": 0.6339622641509434,
      "files_with_tag": 166
    },
    "radio": {
      "total_ground_truth_boxes": 210,
      "total_predicted_boxes": 232,
      "correctly_predicted_boxes": 48,
      "precision": 0.20689655172413793,
      "recall": 0.22857142857142856,
      "f1_score": 0.21719457013574658,
      "files_with_tag": 134
    },
    "dropdown": {
      "total_ground_truth_boxes": 234,
      "total_predicted_boxes": 256,
      "correctly_predicted_boxes": 172,
      "precision": 0.671875,
      "recall": 0.7350427350427351,
      "f1_score": 0.7020408163265306,
      "files_with_tag": 160
    }
  },
  "evaluation_params": {
    "iou_threshold": 0.5,
    "files_processed": 200,
    "total_files_found": 200
  }
}